name,email,dob
John Doe,johndoe@gmail,1980-01-01
Jane Doe,janedoe@gmail,
Sarah Red,sarah_red@outlook,1977-07-23
Mike Blue,,1982-12-02
Emily Green,emilygreen#@yahoo,1990-04-19
Andrew Brown,andrew.brown@yahoo,1986-08-16
Patricia White,patricia_white@live,1978-09-30
Robert Black,robertblack@gmail,123
Maria Gold,maria.gold@hotmail,2000-05-24
,thomasgrey@zmail,1984-03-15
